[{"model": "contenttypes.contenttype", "pk": 1, "fields": {"app_label": "admin", "model": "logentry"}}, {"model": "contenttypes.contenttype", "pk": 2, "fields": {"app_label": "auth", "model": "permission"}}, {"model": "contenttypes.contenttype", "pk": 3, "fields": {"app_label": "auth", "model": "group"}}, {"model": "contenttypes.contenttype", "pk": 4, "fields": {"app_label": "auth", "model": "user"}}, {"model": "contenttypes.contenttype", "pk": 5, "fields": {"app_label": "contenttypes", "model": "contenttype"}}, {"model": "contenttypes.contenttype", "pk": 6, "fields": {"app_label": "sessions", "model": "session"}}, {"model": "contenttypes.contenttype", "pk": 7, "fields": {"app_label": "blog", "model": "blogtype"}}, {"model": "contenttypes.contenttype", "pk": 8, "fields": {"app_label": "blog", "model": "blog"}}, {"model": "contenttypes.contenttype", "pk": 9, "fields": {"app_label": "blog", "model": "readnum"}}, {"model": "contenttypes.contenttype", "pk": 10, "fields": {"app_label": "read_statistics", "model": "readnum"}}, {"model": "contenttypes.contenttype", "pk": 11, "fields": {"app_label": "read_statistics", "model": "readdetail"}}, {"model": "contenttypes.contenttype", "pk": 12, "fields": {"app_label": "comment", "model": "comment"}}, {"model": "contenttypes.contenttype", "pk": 13, "fields": {"app_label": "likes", "model": "likecount"}}, {"model": "contenttypes.contenttype", "pk": 14, "fields": {"app_label": "likes", "model": "likerecord"}}, {"model": "contenttypes.contenttype", "pk": 15, "fields": {"app_label": "user", "model": "profile"}}, {"model": "sessions.session", "pk": "96jw8elprpaiww952zhxtwpsjd3bepsh", "fields": {"session_data": "OTRlMjM4MTc4ODE2MGRmMzU1M2MyZmUxNzk2MjY1ZTZhN2M4YjY3Yzp7InNlbmRfY29kZV90aW1lIjoxNTUzODY2NjE5LCJfYXV0aF91c2VyX2lkIjoiMSIsIl9hdXRoX3VzZXJfYmFja2VuZCI6ImRqYW5nby5jb250cmliLmF1dGguYmFja2VuZHMuTW9kZWxCYWNrZW5kIiwiX2F1dGhfdXNlcl9oYXNoIjoiZmQwN2I2ZDFjOGZlNjM1ZWIyMjNlOGRhODUwOTI0NTg3MWYyNzIzOSJ9", "expire_date": "2019-04-12T13:37:29.183Z"}}, {"model": "sessions.session", "pk": "ynistzhyci37pbw6tzefb042eg6ynkju", "fields": {"session_data": "MjFjOTBjNDJlMDllZmZhZjUyOWFiMmY1MmZjZGJlOTg1MjdiZTczMzp7Il9hdXRoX3VzZXJfaWQiOiIxIiwiX2F1dGhfdXNlcl9iYWNrZW5kIjoiZGphbmdvLmNvbnRyaWIuYXV0aC5iYWNrZW5kcy5Nb2RlbEJhY2tlbmQiLCJfYXV0aF91c2VyX2hhc2giOiI1MjFhMmQ5ZTIwZTM4ZWE1M2U1OTJjNmM0YWFkNzk0YWZkNjI5YTM3In0=", "expire_date": "2019-03-06T15:43:49.741Z"}}, {"model": "blog.blogtype", "pk": 1, "fields": {"type_name": "Django"}}, {"model": "blog.blogtype", "pk": 2, "fields": {"type_name": "\u968f\u7b14"}}, {"model": "blog.blogtype", "pk": 3, "fields": {"type_name": "\u611f\u609f"}}, {"model": "read_statistics.readnum", "pk": 1, "fields": {"read_num": 16, "content_type": 8, "object_id": 36}}, {"model": "read_statistics.readnum", "pk": 2, "fields": {"read_num": 6, "content_type": 8, "object_id": 35}}, {"model": "read_statistics.readnum", "pk": 3, "fields": {"read_num": 6, "content_type": 8, "object_id": 34}}, {"model": "read_statistics.readnum", "pk": 4, "fields": {"read_num": 1, "content_type": 8, "object_id": 33}}, {"model": "read_statistics.readdetail", "pk": 1, "fields": {"date": "2019-03-15", "read_num": 1, "content_type": 8, "object_id": 34}}, {"model": "read_statistics.readdetail", "pk": 2, "fields": {"date": "2019-03-15", "read_num": 1, "content_type": 8, "object_id": 36}}, {"model": "read_statistics.readdetail", "pk": 3, "fields": {"date": "2019-03-14", "read_num": 3, "content_type": 8, "object_id": 36}}, {"model": "read_statistics.readdetail", "pk": 4, "fields": {"date": "2019-03-20", "read_num": 1, "content_type": 8, "object_id": 36}}, {"model": "read_statistics.readdetail", "pk": 5, "fields": {"date": "2019-03-21", "read_num": 1, "content_type": 8, "object_id": 35}}, {"model": "read_statistics.readdetail", "pk": 6, "fields": {"date": "2019-03-21", "read_num": 1, "content_type": 8, "object_id": 36}}, {"model": "read_statistics.readdetail", "pk": 7, "fields": {"date": "2019-03-22", "read_num": 1, "content_type": 8, "object_id": 36}}, {"model": "read_statistics.readdetail", "pk": 8, "fields": {"date": "2019-03-23", "read_num": 1, "content_type": 8, "object_id": 36}}, {"model": "read_statistics.readdetail", "pk": 9, "fields": {"date": "2019-03-24", "read_num": 1, "content_type": 8, "object_id": 36}}, {"model": "read_statistics.readdetail", "pk": 10, "fields": {"date": "2019-03-24", "read_num": 1, "content_type": 8, "object_id": 35}}, {"model": "read_statistics.readdetail", "pk": 11, "fields": {"date": "2019-03-25", "read_num": 1, "content_type": 8, "object_id": 35}}, {"model": "read_statistics.readdetail", "pk": 12, "fields": {"date": "2019-03-25", "read_num": 4, "content_type": 8, "object_id": 36}}, {"model": "read_statistics.readdetail", "pk": 13, "fields": {"date": "2019-03-25", "read_num": 1, "content_type": 8, "object_id": 34}}, {"model": "read_statistics.readdetail", "pk": 14, "fields": {"date": "2019-03-25", "read_num": 1, "content_type": 8, "object_id": 33}}, {"model": "read_statistics.readdetail", "pk": 15, "fields": {"date": "2019-03-26", "read_num": 1, "content_type": 8, "object_id": 36}}, {"model": "read_statistics.readdetail", "pk": 16, "fields": {"date": "2019-03-26", "read_num": 1, "content_type": 8, "object_id": 35}}, {"model": "read_statistics.readdetail", "pk": 17, "fields": {"date": "2019-03-26", "read_num": 1, "content_type": 8, "object_id": 34}}, {"model": "read_statistics.readdetail", "pk": 18, "fields": {"date": "2019-03-28", "read_num": 1, "content_type": 8, "object_id": 36}}, {"model": "read_statistics.readdetail", "pk": 19, "fields": {"date": "2019-03-29", "read_num": 1, "content_type": 8, "object_id": 36}}, {"model": "read_statistics.readdetail", "pk": 20, "fields": {"date": "2019-03-30", "read_num": 2, "content_type": 8, "object_id": 36}}, {"model": "likes.likecount", "pk": 1, "fields": {"content_type": 8, "object_id": 35, "liked_num": 1}}, {"model": "likes.likecount", "pk": 2, "fields": {"content_type": 8, "object_id": 36, "liked_num": 0}}, {"model": "likes.likecount", "pk": 3, "fields": {"content_type": 8, "object_id": 34, "liked_num": 1}}, {"model": "likes.likecount", "pk": 4, "fields": {"content_type": 8, "object_id": 33, "liked_num": 1}}, {"model": "likes.likecount", "pk": 5, "fields": {"content_type": 8, "object_id": 32, "liked_num": 0}}, {"model": "likes.likecount", "pk": 6, "fields": {"content_type": 8, "object_id": 31, "liked_num": 0}}, {"model": "likes.likecount", "pk": 7, "fields": {"content_type": 8, "object_id": 30, "liked_num": 0}}, {"model": "likes.likecount", "pk": 8, "fields": {"content_type": 12, "object_id": 39, "liked_num": 1}}, {"model": "likes.likecount", "pk": 9, "fields": {"content_type": 12, "object_id": 45, "liked_num": 1}}, {"model": "likes.likecount", "pk": 10, "fields": {"content_type": 12, "object_id": 38, "liked_num": 0}}, {"model": "likes.likecount", "pk": 11, "fields": {"content_type": 12, "object_id": 37, "liked_num": 0}}, {"model": "likes.likecount", "pk": 12, "fields": {"content_type": 12, "object_id": 36, "liked_num": 0}}, {"model": "likes.likecount", "pk": 13, "fields": {"content_type": 12, "object_id": 35, "liked_num": 0}}, {"model": "likes.likecount", "pk": 14, "fields": {"content_type": 12, "object_id": 34, "liked_num": 0}}, {"model": "likes.likecount", "pk": 15, "fields": {"content_type": 12, "object_id": 42, "liked_num": 0}}, {"model": "likes.likecount", "pk": 16, "fields": {"content_type": 12, "object_id": 33, "liked_num": 0}}, {"model": "likes.likecount", "pk": 17, "fields": {"content_type": 12, "object_id": 32, "liked_num": 0}}, {"model": "likes.likecount", "pk": 18, "fields": {"content_type": 12, "object_id": 31, "liked_num": 0}}, {"model": "likes.likecount", "pk": 19, "fields": {"content_type": 12, "object_id": 30, "liked_num": 0}}, {"model": "likes.likecount", "pk": 20, "fields": {"content_type": 12, "object_id": 29, "liked_num": 0}}, {"model": "likes.likecount", "pk": 21, "fields": {"content_type": 12, "object_id": 28, "liked_num": 0}}, {"model": "likes.likecount", "pk": 22, "fields": {"content_type": 12, "object_id": 27, "liked_num": 0}}, {"model": "likes.likecount", "pk": 23, "fields": {"content_type": 12, "object_id": 26, "liked_num": 0}}, {"model": "likes.likecount", "pk": 24, "fields": {"content_type": 12, "object_id": 25, "liked_num": 0}}, {"model": "likes.likecount", "pk": 25, "fields": {"content_type": 12, "object_id": 24, "liked_num": 0}}, {"model": "likes.likecount", "pk": 26, "fields": {"content_type": 12, "object_id": 23, "liked_num": 0}}, {"model": "likes.likecount", "pk": 27, "fields": {"content_type": 12, "object_id": 22, "liked_num": 0}}, {"model": "likes.likecount", "pk": 28, "fields": {"content_type": 12, "object_id": 21, "liked_num": 0}}, {"model": "likes.likecount", "pk": 29, "fields": {"content_type": 12, "object_id": 20, "liked_num": 0}}, {"model": "likes.likecount", "pk": 30, "fields": {"content_type": 12, "object_id": 19, "liked_num": 0}}, {"model": "likes.likecount", "pk": 31, "fields": {"content_type": 12, "object_id": 18, "liked_num": 0}}, {"model": "likes.likecount", "pk": 32, "fields": {"content_type": 12, "object_id": 17, "liked_num": 0}}, {"model": "likes.likecount", "pk": 33, "fields": {"content_type": 12, "object_id": 16, "liked_num": 0}}, {"model": "likes.likecount", "pk": 34, "fields": {"content_type": 12, "object_id": 15, "liked_num": 0}}, {"model": "likes.likecount", "pk": 35, "fields": {"content_type": 12, "object_id": 14, "liked_num": 0}}, {"model": "likes.likecount", "pk": 36, "fields": {"content_type": 12, "object_id": 13, "liked_num": 0}}, {"model": "likes.likecount", "pk": 37, "fields": {"content_type": 12, "object_id": 12, "liked_num": 0}}, {"model": "likes.likecount", "pk": 38, "fields": {"content_type": 12, "object_id": 11, "liked_num": 0}}, {"model": "likes.likecount", "pk": 39, "fields": {"content_type": 12, "object_id": 10, "liked_num": 0}}, {"model": "likes.likecount", "pk": 40, "fields": {"content_type": 12, "object_id": 9, "liked_num": 0}}, {"model": "likes.likecount", "pk": 41, "fields": {"content_type": 12, "object_id": 8, "liked_num": 0}}, {"model": "likes.likecount", "pk": 42, "fields": {"content_type": 12, "object_id": 7, "liked_num": 0}}, {"model": "likes.likecount", "pk": 43, "fields": {"content_type": 12, "object_id": 6, "liked_num": 0}}, {"model": "likes.likecount", "pk": 44, "fields": {"content_type": 12, "object_id": 5, "liked_num": 0}}, {"model": "likes.likecount", "pk": 45, "fields": {"content_type": 12, "object_id": 4, "liked_num": 0}}, {"model": "likes.likecount", "pk": 46, "fields": {"content_type": 12, "object_id": 3, "liked_num": 0}}, {"model": "likes.likecount", "pk": 47, "fields": {"content_type": 12, "object_id": 2, "liked_num": 0}}, {"model": "likes.likecount", "pk": 48, "fields": {"content_type": 12, "object_id": 1, "liked_num": 0}}, {"model": "likes.likecount", "pk": 49, "fields": {"content_type": 12, "object_id": 60, "liked_num": 0}}, {"model": "likes.likecount", "pk": 50, "fields": {"content_type": 12, "object_id": 59, "liked_num": 0}}, {"model": "likes.likecount", "pk": 51, "fields": {"content_type": 12, "object_id": 58, "liked_num": 0}}, {"model": "likes.likecount", "pk": 52, "fields": {"content_type": 12, "object_id": 57, "liked_num": 0}}, {"model": "likes.likecount", "pk": 53, "fields": {"content_type": 12, "object_id": 61, "liked_num": 0}}, {"model": "likes.likecount", "pk": 54, "fields": {"content_type": 12, "object_id": 62, "liked_num": 0}}, {"model": "likes.likecount", "pk": 55, "fields": {"content_type": 12, "object_id": 63, "liked_num": 0}}, {"model": "likes.likecount", "pk": 56, "fields": {"content_type": 12, "object_id": 64, "liked_num": 0}}, {"model": "likes.likecount", "pk": 57, "fields": {"content_type": 12, "object_id": 65, "liked_num": 0}}, {"model": "likes.likecount", "pk": 58, "fields": {"content_type": 12, "object_id": 66, "liked_num": 0}}, {"model": "likes.likecount", "pk": 59, "fields": {"content_type": 12, "object_id": 67, "liked_num": 0}}, {"model": "likes.likecount", "pk": 60, "fields": {"content_type": 12, "object_id": 68, "liked_num": 0}}, {"model": "likes.likecount", "pk": 61, "fields": {"content_type": 12, "object_id": 69, "liked_num": 0}}, {"model": "likes.likecount", "pk": 62, "fields": {"content_type": 12, "object_id": 70, "liked_num": 0}}, {"model": "likes.likecount", "pk": 63, "fields": {"content_type": 12, "object_id": 71, "liked_num": 0}}, {"model": "likes.likecount", "pk": 64, "fields": {"content_type": 12, "object_id": 72, "liked_num": 0}}, {"model": "likes.likecount", "pk": 65, "fields": {"content_type": 12, "object_id": 73, "liked_num": 0}}, {"model": "likes.likecount", "pk": 66, "fields": {"content_type": 12, "object_id": 74, "liked_num": 0}}, {"model": "likes.likecount", "pk": 67, "fields": {"content_type": 12, "object_id": 75, "liked_num": 0}}, {"model": "likes.likecount", "pk": 68, "fields": {"content_type": 12, "object_id": 55, "liked_num": 0}}, {"model": "likes.likecount", "pk": 69, "fields": {"content_type": 12, "object_id": 56, "liked_num": 0}}, {"model": "likes.likecount", "pk": 70, "fields": {"content_type": 12, "object_id": 54, "liked_num": 0}}, {"model": "likes.likecount", "pk": 71, "fields": {"content_type": 12, "object_id": 51, "liked_num": 0}}, {"model": "likes.likecount", "pk": 72, "fields": {"content_type": 12, "object_id": 52, "liked_num": 0}}, {"model": "likes.likecount", "pk": 73, "fields": {"content_type": 12, "object_id": 53, "liked_num": 0}}, {"model": "likes.likecount", "pk": 74, "fields": {"content_type": 12, "object_id": 49, "liked_num": 0}}, {"model": "likes.likecount", "pk": 75, "fields": {"content_type": 12, "object_id": 50, "liked_num": 0}}, {"model": "likes.likecount", "pk": 76, "fields": {"content_type": 12, "object_id": 48, "liked_num": 0}}, {"model": "likes.likecount", "pk": 77, "fields": {"content_type": 12, "object_id": 76, "liked_num": 0}}, {"model": "likes.likecount", "pk": 78, "fields": {"content_type": 12, "object_id": 77, "liked_num": 0}}, {"model": "likes.likecount", "pk": 79, "fields": {"content_type": 12, "object_id": 78, "liked_num": 0}}, {"model": "likes.likecount", "pk": 80, "fields": {"content_type": 12, "object_id": 80, "liked_num": 0}}, {"model": "likes.likecount", "pk": 81, "fields": {"content_type": 12, "object_id": 81, "liked_num": 0}}, {"model": "likes.likecount", "pk": 82, "fields": {"content_type": 12, "object_id": 79, "liked_num": 0}}, {"model": "likes.likecount", "pk": 83, "fields": {"content_type": 12, "object_id": 84, "liked_num": 0}}, {"model": "likes.likecount", "pk": 84, "fields": {"content_type": 12, "object_id": 83, "liked_num": 0}}, {"model": "likes.likecount", "pk": 85, "fields": {"content_type": 12, "object_id": 82, "liked_num": 0}}, {"model": "likes.likecount", "pk": 86, "fields": {"content_type": 12, "object_id": 86, "liked_num": 0}}, {"model": "likes.likecount", "pk": 87, "fields": {"content_type": 12, "object_id": 85, "liked_num": 0}}, {"model": "likes.likecount", "pk": 88, "fields": {"content_type": 12, "object_id": 88, "liked_num": 0}}, {"model": "likes.likecount", "pk": 89, "fields": {"content_type": 12, "object_id": 87, "liked_num": 0}}, {"model": "likes.likecount", "pk": 90, "fields": {"content_type": 12, "object_id": 89, "liked_num": 0}}, {"model": "likes.likecount", "pk": 91, "fields": {"content_type": 12, "object_id": 90, "liked_num": 0}}, {"model": "likes.likecount", "pk": 92, "fields": {"content_type": 12, "object_id": 91, "liked_num": 0}}, {"model": "likes.likecount", "pk": 93, "fields": {"content_type": 12, "object_id": 92, "liked_num": 0}}, {"model": "auth.permission", "pk": 1, "fields": {"name": "Can add log entry", "content_type": 1, "codename": "add_logentry"}}, {"model": "auth.permission", "pk": 2, "fields": {"name": "Can change log entry", "content_type": 1, "codename": "change_logentry"}}, {"model": "auth.permission", "pk": 3, "fields": {"name": "Can delete log entry", "content_type": 1, "codename": "delete_logentry"}}, {"model": "auth.permission", "pk": 4, "fields": {"name": "Can view log entry", "content_type": 1, "codename": "view_logentry"}}, {"model": "auth.permission", "pk": 5, "fields": {"name": "Can add permission", "content_type": 2, "codename": "add_permission"}}, {"model": "auth.permission", "pk": 6, "fields": {"name": "Can change permission", "content_type": 2, "codename": "change_permission"}}, {"model": "auth.permission", "pk": 7, "fields": {"name": "Can delete permission", "content_type": 2, "codename": "delete_permission"}}, {"model": "auth.permission", "pk": 8, "fields": {"name": "Can view permission", "content_type": 2, "codename": "view_permission"}}, {"model": "auth.permission", "pk": 9, "fields": {"name": "Can add group", "content_type": 3, "codename": "add_group"}}, {"model": "auth.permission", "pk": 10, "fields": {"name": "Can change group", "content_type": 3, "codename": "change_group"}}, {"model": "auth.permission", "pk": 11, "fields": {"name": "Can delete group", "content_type": 3, "codename": "delete_group"}}, {"model": "auth.permission", "pk": 12, "fields": {"name": "Can view group", "content_type": 3, "codename": "view_group"}}, {"model": "auth.permission", "pk": 13, "fields": {"name": "Can add user", "content_type": 4, "codename": "add_user"}}, {"model": "auth.permission", "pk": 14, "fields": {"name": "Can change user", "content_type": 4, "codename": "change_user"}}, {"model": "auth.permission", "pk": 15, "fields": {"name": "Can delete user", "content_type": 4, "codename": "delete_user"}}, {"model": "auth.permission", "pk": 16, "fields": {"name": "Can view user", "content_type": 4, "codename": "view_user"}}, {"model": "auth.permission", "pk": 17, "fields": {"name": "Can add content type", "content_type": 5, "codename": "add_contenttype"}}, {"model": "auth.permission", "pk": 18, "fields": {"name": "Can change content type", "content_type": 5, "codename": "change_contenttype"}}, {"model": "auth.permission", "pk": 19, "fields": {"name": "Can delete content type", "content_type": 5, "codename": "delete_contenttype"}}, {"model": "auth.permission", "pk": 20, "fields": {"name": "Can view content type", "content_type": 5, "codename": "view_contenttype"}}, {"model": "auth.permission", "pk": 21, "fields": {"name": "Can add session", "content_type": 6, "codename": "add_session"}}, {"model": "auth.permission", "pk": 22, "fields": {"name": "Can change session", "content_type": 6, "codename": "change_session"}}, {"model": "auth.permission", "pk": 23, "fields": {"name": "Can delete session", "content_type": 6, "codename": "delete_session"}}, {"model": "auth.permission", "pk": 24, "fields": {"name": "Can view session", "content_type": 6, "codename": "view_session"}}, {"model": "auth.permission", "pk": 25, "fields": {"name": "Can add blog type", "content_type": 7, "codename": "add_blogtype"}}, {"model": "auth.permission", "pk": 26, "fields": {"name": "Can change blog type", "content_type": 7, "codename": "change_blogtype"}}, {"model": "auth.permission", "pk": 27, "fields": {"name": "Can delete blog type", "content_type": 7, "codename": "delete_blogtype"}}, {"model": "auth.permission", "pk": 28, "fields": {"name": "Can view blog type", "content_type": 7, "codename": "view_blogtype"}}, {"model": "auth.permission", "pk": 29, "fields": {"name": "Can add blog", "content_type": 8, "codename": "add_blog"}}, {"model": "auth.permission", "pk": 30, "fields": {"name": "Can change blog", "content_type": 8, "codename": "change_blog"}}, {"model": "auth.permission", "pk": 31, "fields": {"name": "Can delete blog", "content_type": 8, "codename": "delete_blog"}}, {"model": "auth.permission", "pk": 32, "fields": {"name": "Can view blog", "content_type": 8, "codename": "view_blog"}}, {"model": "auth.permission", "pk": 33, "fields": {"name": "Can add read num", "content_type": 9, "codename": "add_readnum"}}, {"model": "auth.permission", "pk": 34, "fields": {"name": "Can change read num", "content_type": 9, "codename": "change_readnum"}}, {"model": "auth.permission", "pk": 35, "fields": {"name": "Can delete read num", "content_type": 9, "codename": "delete_readnum"}}, {"model": "auth.permission", "pk": 36, "fields": {"name": "Can view read num", "content_type": 9, "codename": "view_readnum"}}, {"model": "auth.permission", "pk": 37, "fields": {"name": "Can add read num", "content_type": 10, "codename": "add_readnum"}}, {"model": "auth.permission", "pk": 38, "fields": {"name": "Can change read num", "content_type": 10, "codename": "change_readnum"}}, {"model": "auth.permission", "pk": 39, "fields": {"name": "Can delete read num", "content_type": 10, "codename": "delete_readnum"}}, {"model": "auth.permission", "pk": 40, "fields": {"name": "Can view read num", "content_type": 10, "codename": "view_readnum"}}, {"model": "auth.permission", "pk": 41, "fields": {"name": "Can add read detail", "content_type": 11, "codename": "add_readdetail"}}, {"model": "auth.permission", "pk": 42, "fields": {"name": "Can change read detail", "content_type": 11, "codename": "change_readdetail"}}, {"model": "auth.permission", "pk": 43, "fields": {"name": "Can delete read detail", "content_type": 11, "codename": "delete_readdetail"}}, {"model": "auth.permission", "pk": 44, "fields": {"name": "Can view read detail", "content_type": 11, "codename": "view_readdetail"}}, {"model": "auth.permission", "pk": 45, "fields": {"name": "Can add comment", "content_type": 12, "codename": "add_comment"}}, {"model": "auth.permission", "pk": 46, "fields": {"name": "Can change comment", "content_type": 12, "codename": "change_comment"}}, {"model": "auth.permission", "pk": 47, "fields": {"name": "Can delete comment", "content_type": 12, "codename": "delete_comment"}}, {"model": "auth.permission", "pk": 48, "fields": {"name": "Can view comment", "content_type": 12, "codename": "view_comment"}}, {"model": "auth.permission", "pk": 49, "fields": {"name": "Can add like count", "content_type": 13, "codename": "add_likecount"}}, {"model": "auth.permission", "pk": 50, "fields": {"name": "Can change like count", "content_type": 13, "codename": "change_likecount"}}, {"model": "auth.permission", "pk": 51, "fields": {"name": "Can delete like count", "content_type": 13, "codename": "delete_likecount"}}, {"model": "auth.permission", "pk": 52, "fields": {"name": "Can view like count", "content_type": 13, "codename": "view_likecount"}}, {"model": "auth.permission", "pk": 53, "fields": {"name": "Can add like record", "content_type": 14, "codename": "add_likerecord"}}, {"model": "auth.permission", "pk": 54, "fields": {"name": "Can change like record", "content_type": 14, "codename": "change_likerecord"}}, {"model": "auth.permission", "pk": 55, "fields": {"name": "Can delete like record", "content_type": 14, "codename": "delete_likerecord"}}, {"model": "auth.permission", "pk": 56, "fields": {"name": "Can view like record", "content_type": 14, "codename": "view_likerecord"}}, {"model": "auth.permission", "pk": 57, "fields": {"name": "Can add profile", "content_type": 15, "codename": "add_profile"}}, {"model": "auth.permission", "pk": 58, "fields": {"name": "Can change profile", "content_type": 15, "codename": "change_profile"}}, {"model": "auth.permission", "pk": 59, "fields": {"name": "Can delete profile", "content_type": 15, "codename": "delete_profile"}}, {"model": "auth.permission", "pk": 60, "fields": {"name": "Can view profile", "content_type": 15, "codename": "view_profile"}}, {"model": "auth.user", "pk": 1, "fields": {"password": "pbkdf2_sha256$120000$M2OLDBLLGL3R$1n/YIWwaT3Vt6s0XWtNrzUYfUw9B71oAHJqHiIVu6wE=", "last_login": "2019-03-29T13:37:29.047Z", "is_superuser": true, "username": "lyn", "first_name": "", "last_name": "", "email": "864176713@qq.com", "is_staff": true, "is_active": true, "date_joined": "2019-02-20T15:23:00Z", "groups": [], "user_permissions": []}}, {"model": "auth.user", "pk": 2, "fields": {"password": "pbkdf2_sha256$120000$IHK0vnMSwbvR$x8dM+yNGCmAUdfB+3yuaG1EoajgRFt+nQWsyKEu3QKg=", "last_login": "2019-03-21T17:41:26.927Z", "is_superuser": false, "username": "lyn1", "first_name": "", "last_name": "", "email": "1@qq.com", "is_staff": false, "is_active": true, "date_joined": "2019-03-21T17:41:24.938Z", "groups": [], "user_permissions": []}}, {"model": "auth.user", "pk": 3, "fields": {"password": "pbkdf2_sha256$120000$GoXgDst1IfeV$m58Ew/Hk+P3kJHJfaP7jPSbMKCHbz7v5xmLD/QhYPEE=", "last_login": "2019-03-29T07:32:55.468Z", "is_superuser": false, "username": "shuainan", "first_name": "", "last_name": "", "email": "15521970298@163.com", "is_staff": false, "is_active": true, "date_joined": "2019-03-29T07:32:52.994Z", "groups": [], "user_permissions": []}}, {"model": "blog.blog", "pk": 3, "fields": {"title": "\u957f\u5185\u5bb9\u7684\u535a\u5ba2", "blog_type": 2, "content": "<p>\u5b89\u6170\u6cd5\u95ee\u8fc7\u6211\u5b89\u6170\u6cd5\u95ee\u8fc7\u6211\u5b89<strong>\u6170\u6cd5\u95ee\u8fc7\u6211\u5b89\u6170\u6cd5\u95ee\u8fc7\u6211\u5b89\u6170\u6cd5\u95ee\u8fc7\u6211\u5b89\u6170\u6cd5\u95ee\u8fc7\u6211\u5b89\u6170\u6cd5\u95ee\u8fc7\u6211\u5b89\u6170\u6cd5\u95ee\u8fc7\u6211\u5b89\u6170\u6cd5\u95ee\u8fc7\u6211\u5b89\u6170\u6cd5\u95ee\u8fc7\u6211\u5b89\u6170\u6cd5\u95ee\u8fc7\u6211\u5b89\u6170\u6cd5\u95ee\u8fc7\u6211\u5b89\u6170\u6cd5\u95ee\u8fc7\u6211\u5b89\u6170\u6cd5\u95ee\u8fc7\u6211\u5b89\u6170\u6cd5\u95ee\u8fc7\u6211</strong><img alt=\"\" src=\"/media/upload/2019/03/13/file0001.png\" style=\"height:100px\" />\u5b89\u6170\u6cd5\u95ee\u8fc7\u6211\u5b89\u6170\u6cd5\u95ee\u8fc7\u6211</p>", "author": 1, "created_time": "2019-02-23T17:10:10.336Z", "last_updated_time": "2019-02-23T17:10:10.336Z"}}, {"model": "blog.blog", "pk": 4, "fields": {"title": "django1", "blog_type": 1, "content": "sadasdsadsadsadndnvsnvnsbvdadsaddadasdasdsadasd", "author": 1, "created_time": "2019-02-24T08:46:38.799Z", "last_updated_time": "2019-02-24T08:46:38.799Z"}}, {"model": "blog.blog", "pk": 5, "fields": {"title": "\u7b2c\u4e8c\u7bc7\u535a\u5ba2", "blog_type": 2, "content": "\u4e09\u6bb5\u5f0f\u5bf9\u554a\u4e09\u6bb5\u5f0f\u5bf9\u554a\u4e09\u6bb5\u5f0f\u5bf9\u554a\u4e09\u6bb5\u5f0f\u5bf9\u554a\u4e09\u6bb5\u5f0f\u5bf9\u554a\u4e09\u6bb5\u5f0f\u5bf9\u554a\u4e09\u6bb5\u5f0f\u5bf9\u554a\u4e09\u6bb5\u5f0f\u5bf9\u554a\u4e09\u6bb5\u5f0f\u5bf9\u554a\u4e09\u6bb5\u5f0f\u5bf9\u554a\u4e09\u6bb5\u5f0f\u5bf9\u554a\u4e09\u6bb5\u5f0f\u5bf9\u554a\u4e09\u6bb5\u5f0f\u5bf9\u554a\u4e09\u6bb5\u5f0f\u5bf9\u554a\u4e09\u6bb5\u5f0f\u5bf9\u554a\u4e09\u6bb5\u5f0f\u5bf9\u554a\u4e09\u6bb5\u5f0f\u5bf9\u554a\u4e09\u6bb5\u5f0f\u5bf9\u554a\u4e09\u6bb5\u5f0f\u5bf9\u554a\u4e09\u6bb5\u5f0f\u5bf9\u554a\u4e09\u6bb5\u5f0f\u5bf9\u554a\u4e09\u6bb5\u5f0f\u5bf9\u554a\u4e09\u6bb5\u5f0f\u5bf9\u554a\u4e09\u6bb5\u5f0f\u5bf9\u554a\u4e09\u6bb5\u5f0f\u5bf9\u554a\u4e09\u6bb5\u5f0f\u5bf9\u554a\u4e09\u6bb5\u5f0f\u5bf9\u554a\u4e09\u6bb5\u5f0f\u5bf9\u554a\u4e09\u6bb5\u5f0f\u5bf9\u554a\u4e09\u6bb5\u5f0f\u5bf9\u554a\u4e09\u6bb5\u5f0f\u5bf9\u554a", "author": 1, "created_time": "2019-02-24T08:46:56.684Z", "last_updated_time": "2019-02-24T08:46:56.684Z"}}, {"model": "blog.blog", "pk": 6, "fields": {"title": "shell\u4e0b\u7b2c\u4e00\u7bc7", "blog_type": 1, "content": "xxxxxxx", "author": 1, "created_time": "2019-03-11T02:10:34.387Z", "last_updated_time": "2019-03-11T02:10:34.387Z"}}, {"model": "blog.blog", "pk": 7, "fields": {"title": "for 1", "blog_type": 1, "content": "xxx:1", "author": 1, "created_time": "2019-03-11T02:36:17.180Z", "last_updated_time": "2019-03-11T02:36:17.180Z"}}, {"model": "blog.blog", "pk": 8, "fields": {"title": "for 2", "blog_type": 1, "content": "xxx:2", "author": 1, "created_time": "2019-03-11T02:36:18.347Z", "last_updated_time": "2019-03-11T02:36:18.347Z"}}, {"model": "blog.blog", "pk": 9, "fields": {"title": "for 3", "blog_type": 1, "content": "xxx:3", "author": 1, "created_time": "2019-03-11T02:36:18.637Z", "last_updated_time": "2019-03-11T02:36:18.637Z"}}, {"model": "blog.blog", "pk": 10, "fields": {"title": "for 4", "blog_type": 1, "content": "xxx:4", "author": 1, "created_time": "2019-03-11T02:36:18.981Z", "last_updated_time": "2019-03-11T02:36:18.982Z"}}, {"model": "blog.blog", "pk": 11, "fields": {"title": "for 5", "blog_type": 1, "content": "xxx:5", "author": 1, "created_time": "2019-03-11T02:36:19.284Z", "last_updated_time": "2019-03-11T02:36:19.284Z"}}, {"model": "blog.blog", "pk": 12, "fields": {"title": "for 6", "blog_type": 1, "content": "xxx:6", "author": 1, "created_time": "2019-03-11T02:36:19.501Z", "last_updated_time": "2019-03-11T02:36:19.501Z"}}, {"model": "blog.blog", "pk": 13, "fields": {"title": "for 7", "blog_type": 1, "content": "xxx:7", "author": 1, "created_time": "2019-03-11T02:36:19.722Z", "last_updated_time": "2019-03-11T02:36:19.722Z"}}, {"model": "blog.blog", "pk": 14, "fields": {"title": "for 8", "blog_type": 1, "content": "xxx:8", "author": 1, "created_time": "2019-03-11T02:36:19.935Z", "last_updated_time": "2019-03-11T02:36:19.935Z"}}, {"model": "blog.blog", "pk": 15, "fields": {"title": "for 9", "blog_type": 1, "content": "xxx:9", "author": 1, "created_time": "2019-03-11T02:36:20.114Z", "last_updated_time": "2019-03-11T02:36:20.114Z"}}, {"model": "blog.blog", "pk": 16, "fields": {"title": "for 10", "blog_type": 1, "content": "xxx:10", "author": 1, "created_time": "2019-03-11T02:36:20.301Z", "last_updated_time": "2019-03-11T02:36:20.302Z"}}, {"model": "blog.blog", "pk": 17, "fields": {"title": "for 11", "blog_type": 1, "content": "xxx:11", "author": 1, "created_time": "2019-03-11T02:36:20.500Z", "last_updated_time": "2019-03-11T02:36:20.501Z"}}, {"model": "blog.blog", "pk": 18, "fields": {"title": "for 12", "blog_type": 1, "content": "xxx:12", "author": 1, "created_time": "2019-03-11T02:36:20.666Z", "last_updated_time": "2019-03-11T02:36:20.666Z"}}, {"model": "blog.blog", "pk": 19, "fields": {"title": "for 13", "blog_type": 1, "content": "xxx:13", "author": 1, "created_time": "2019-03-11T02:36:20.868Z", "last_updated_time": "2019-03-11T02:36:20.868Z"}}, {"model": "blog.blog", "pk": 20, "fields": {"title": "for 14", "blog_type": 1, "content": "xxx:14", "author": 1, "created_time": "2019-03-11T02:36:21.044Z", "last_updated_time": "2019-03-11T02:36:21.044Z"}}, {"model": "blog.blog", "pk": 21, "fields": {"title": "for 15", "blog_type": 1, "content": "xxx:15", "author": 1, "created_time": "2019-03-11T02:36:21.211Z", "last_updated_time": "2019-03-11T02:36:21.211Z"}}, {"model": "blog.blog", "pk": 22, "fields": {"title": "for 16", "blog_type": 1, "content": "xxx:16", "author": 1, "created_time": "2019-03-11T02:36:21.398Z", "last_updated_time": "2019-03-11T02:36:21.398Z"}}, {"model": "blog.blog", "pk": 23, "fields": {"title": "for 17", "blog_type": 1, "content": "xxx:17", "author": 1, "created_time": "2019-03-11T02:36:21.621Z", "last_updated_time": "2019-03-11T02:36:21.622Z"}}, {"model": "blog.blog", "pk": 24, "fields": {"title": "for 18", "blog_type": 1, "content": "xxx:18", "author": 1, "created_time": "2019-03-11T02:36:21.800Z", "last_updated_time": "2019-03-11T02:36:21.800Z"}}, {"model": "blog.blog", "pk": 25, "fields": {"title": "for 19", "blog_type": 1, "content": "xxx:19", "author": 1, "created_time": "2019-03-11T02:36:21.964Z", "last_updated_time": "2019-03-11T02:36:21.964Z"}}, {"model": "blog.blog", "pk": 26, "fields": {"title": "for 20", "blog_type": 1, "content": "xxx:20", "author": 1, "created_time": "2019-03-11T02:36:22.154Z", "last_updated_time": "2019-03-11T02:36:22.154Z"}}, {"model": "blog.blog", "pk": 27, "fields": {"title": "for 21", "blog_type": 1, "content": "xxx:21", "author": 1, "created_time": "2019-03-11T02:36:22.325Z", "last_updated_time": "2019-03-11T02:36:22.325Z"}}, {"model": "blog.blog", "pk": 28, "fields": {"title": "for 22", "blog_type": 1, "content": "xxx:22", "author": 1, "created_time": "2019-03-11T02:36:22.509Z", "last_updated_time": "2019-03-11T02:36:22.509Z"}}, {"model": "blog.blog", "pk": 29, "fields": {"title": "for 23", "blog_type": 1, "content": "xxx:23", "author": 1, "created_time": "2019-03-11T02:36:22.675Z", "last_updated_time": "2019-03-11T02:36:22.675Z"}}, {"model": "blog.blog", "pk": 30, "fields": {"title": "for 24", "blog_type": 1, "content": "<p>xxx:24</p>", "author": 1, "created_time": "2019-03-11T02:36:22.850Z", "last_updated_time": "2019-03-13T17:54:26.654Z"}}, {"model": "blog.blog", "pk": 31, "fields": {"title": "for 25", "blog_type": 1, "content": "xxx:25", "author": 1, "created_time": "2019-03-11T02:36:23.039Z", "last_updated_time": "2019-03-13T17:53:17.192Z"}}, {"model": "blog.blog", "pk": 32, "fields": {"title": "for 26", "blog_type": 1, "content": "xxx:26", "author": 1, "created_time": "2019-03-11T02:36:23.206Z", "last_updated_time": "2019-03-13T17:51:24.742Z"}}, {"model": "blog.blog", "pk": 33, "fields": {"title": "for 27", "blog_type": 1, "content": "xxx:27", "author": 1, "created_time": "2019-03-11T02:36:23.396Z", "last_updated_time": "2019-03-13T17:51:23.704Z"}}, {"model": "blog.blog", "pk": 34, "fields": {"title": "for 28", "blog_type": 1, "content": "<p>xxx:28ikk</p>", "author": 1, "created_time": "2019-03-11T02:36:23.584Z", "last_updated_time": "2019-03-13T17:51:41.414Z"}}, {"model": "blog.blog", "pk": 35, "fields": {"title": "for 29", "blog_type": 1, "content": "xxx:29", "author": 1, "created_time": "2019-03-11T02:36:23.751Z", "last_updated_time": "2019-03-11T02:36:23.751Z"}}, {"model": "blog.blog", "pk": 36, "fields": {"title": "for 30", "blog_type": 1, "content": "<p>xxx:30ddsa</p>", "author": 1, "created_time": "2019-03-11T02:36:23.916Z", "last_updated_time": "2019-03-11T02:36:23.916Z"}}, {"model": "comment.comment", "pk": 1, "fields": {"content_type": 8, "object_id": 36, "text": "123", "comment_time": "2019-03-21T04:51:32.918Z", "user": 1, "root": null, "parent": null, "reply_to": null}}, {"model": "comment.comment", "pk": 2, "fields": {"content_type": 8, "object_id": 36, "text": "bibi", "comment_time": "2019-03-21T05:15:31.874Z", "user": 1, "root": null, "parent": null, "reply_to": null}}, {"model": "comment.comment", "pk": 3, "fields": {"content_type": 8, "object_id": 36, "text": "156", "comment_time": "2019-03-22T05:25:47.216Z", "user": 2, "root": null, "parent": null, "reply_to": null}}, {"model": "comment.comment", "pk": 4, "fields": {"content_type": 8, "object_id": 36, "text": "151000", "comment_time": "2019-03-22T06:36:11.707Z", "user": 2, "root": null, "parent": null, "reply_to": null}}, {"model": "comment.comment", "pk": 5, "fields": {"content_type": 8, "object_id": 36, "text": "<p>111</p>", "comment_time": "2019-03-22T14:48:56.979Z", "user": 2, "root": null, "parent": null, "reply_to": null}}, {"model": "comment.comment", "pk": 6, "fields": {"content_type": 8, "object_id": 36, "text": "<p>111</p>", "comment_time": "2019-03-22T14:49:06.628Z", "user": 2, "root": null, "parent": null, "reply_to": null}}, {"model": "comment.comment", "pk": 7, "fields": {"content_type": 8, "object_id": 36, "text": "<p>111</p>", "comment_time": "2019-03-22T14:49:14.449Z", "user": 2, "root": null, "parent": null, "reply_to": null}}, {"model": "comment.comment", "pk": 8, "fields": {"content_type": 8, "object_id": 36, "text": "<p>111</p>", "comment_time": "2019-03-22T14:49:19.047Z", "user": 2, "root": null, "parent": null, "reply_to": null}}, {"model": "comment.comment", "pk": 9, "fields": {"content_type": 8, "object_id": 36, "text": "<p>111</p>", "comment_time": "2019-03-22T14:58:20.325Z", "user": 2, "root": null, "parent": null, "reply_to": null}}, {"model": "comment.comment", "pk": 10, "fields": {"content_type": 8, "object_id": 36, "text": "<p>111</p>", "comment_time": "2019-03-22T14:58:32.630Z", "user": 2, "root": null, "parent": null, "reply_to": null}}, {"model": "comment.comment", "pk": 11, "fields": {"content_type": 8, "object_id": 36, "text": "<p>111</p>", "comment_time": "2019-03-22T14:59:36.363Z", "user": 1, "root": null, "parent": null, "reply_to": null}}, {"model": "comment.comment", "pk": 12, "fields": {"content_type": 8, "object_id": 36, "text": "<p>159</p>", "comment_time": "2019-03-22T15:14:15.403Z", "user": 1, "root": null, "parent": null, "reply_to": null}}, {"model": "comment.comment", "pk": 13, "fields": {"content_type": 8, "object_id": 36, "text": "<p>159</p>", "comment_time": "2019-03-22T15:14:22.298Z", "user": 1, "root": null, "parent": null, "reply_to": null}}, {"model": "comment.comment", "pk": 14, "fields": {"content_type": 8, "object_id": 36, "text": "<p>159</p>", "comment_time": "2019-03-22T15:20:02.099Z", "user": 1, "root": null, "parent": null, "reply_to": null}}, {"model": "comment.comment", "pk": 15, "fields": {"content_type": 8, "object_id": 36, "text": "<p>159</p>", "comment_time": "2019-03-22T15:25:42.570Z", "user": 1, "root": null, "parent": null, "reply_to": null}}, {"model": "comment.comment", "pk": 16, "fields": {"content_type": 8, "object_id": 36, "text": "<p>15</p>", "comment_time": "2019-03-22T15:33:24.779Z", "user": 1, "root": null, "parent": null, "reply_to": null}}, {"model": "comment.comment", "pk": 17, "fields": {"content_type": 8, "object_id": 36, "text": "<p>15</p>", "comment_time": "2019-03-22T15:33:32.605Z", "user": 1, "root": null, "parent": null, "reply_to": null}}, {"model": "comment.comment", "pk": 18, "fields": {"content_type": 8, "object_id": 36, "text": "<p>\u6c34\u7535\u8d39\u662f\u5426\u5bf9</p>", "comment_time": "2019-03-22T15:38:47.714Z", "user": 1, "root": null, "parent": null, "reply_to": null}}, {"model": "comment.comment", "pk": 19, "fields": {"content_type": 8, "object_id": 36, "text": "<p>1515</p>", "comment_time": "2019-03-22T15:47:12.242Z", "user": 1, "root": null, "parent": null, "reply_to": null}}, {"model": "comment.comment", "pk": 20, "fields": {"content_type": 8, "object_id": 36, "text": "<p>1551</p>", "comment_time": "2019-03-22T15:48:37.745Z", "user": 1, "root": null, "parent": null, "reply_to": null}}, {"model": "comment.comment", "pk": 21, "fields": {"content_type": 8, "object_id": 36, "text": "<p>41414</p>", "comment_time": "2019-03-22T15:50:59.600Z", "user": 1, "root": null, "parent": null, "reply_to": null}}, {"model": "comment.comment", "pk": 22, "fields": {"content_type": 8, "object_id": 36, "text": "<p>\u5927\u58f0\u9053\u6492\u591a</p>", "comment_time": "2019-03-22T15:51:23.904Z", "user": 1, "root": null, "parent": null, "reply_to": null}}, {"model": "comment.comment", "pk": 23, "fields": {"content_type": 8, "object_id": 36, "text": "<p>dasd1sa</p>", "comment_time": "2019-03-22T15:51:55.166Z", "user": 1, "root": null, "parent": null, "reply_to": null}}, {"model": "comment.comment", "pk": 24, "fields": {"content_type": 8, "object_id": 36, "text": "<p>asdasdas</p>", "comment_time": "2019-03-22T15:52:03.100Z", "user": 1, "root": null, "parent": null, "reply_to": null}}, {"model": "comment.comment", "pk": 25, "fields": {"content_type": 8, "object_id": 36, "text": "<p>asdasdas</p>", "comment_time": "2019-03-22T15:52:04.358Z", "user": 1, "root": null, "parent": null, "reply_to": null}}, {"model": "comment.comment", "pk": 26, "fields": {"content_type": 8, "object_id": 36, "text": "<p>asdasdas</p>", "comment_time": "2019-03-22T15:52:05.546Z", "user": 1, "root": null, "parent": null, "reply_to": null}}, {"model": "comment.comment", "pk": 27, "fields": {"content_type": 8, "object_id": 36, "text": "<p>s</p>", "comment_time": "2019-03-22T15:56:39.711Z", "user": 1, "root": null, "parent": null, "reply_to": null}}, {"model": "comment.comment", "pk": 28, "fields": {"content_type": 8, "object_id": 36, "text": "<p>sdsa</p>", "comment_time": "2019-03-22T16:01:50.812Z", "user": 1, "root": null, "parent": null, "reply_to": null}}, {"model": "comment.comment", "pk": 29, "fields": {"content_type": 8, "object_id": 36, "text": "<p>g</p>", "comment_time": "2019-03-22T16:47:21.721Z", "user": 1, "root": null, "parent": null, "reply_to": null}}, {"model": "comment.comment", "pk": 30, "fields": {"content_type": 8, "object_id": 36, "text": "<p>11</p>", "comment_time": "2019-03-22T16:48:01.446Z", "user": 1, "root": null, "parent": null, "reply_to": null}}, {"model": "comment.comment", "pk": 31, "fields": {"content_type": 8, "object_id": 36, "text": "<p>22</p>", "comment_time": "2019-03-22T16:48:12.114Z", "user": 1, "root": null, "parent": null, "reply_to": null}}, {"model": "comment.comment", "pk": 32, "fields": {"content_type": 8, "object_id": 36, "text": "<p>cc</p>", "comment_time": "2019-03-22T16:51:00.348Z", "user": 1, "root": null, "parent": null, "reply_to": null}}, {"model": "comment.comment", "pk": 33, "fields": {"content_type": 8, "object_id": 36, "text": "<p>\u5e93</p>", "comment_time": "2019-03-22T16:55:52.730Z", "user": 1, "root": null, "parent": null, "reply_to": null}}, {"model": "comment.comment", "pk": 34, "fields": {"content_type": 8, "object_id": 36, "text": "<p>\u53d1\u53d1\u5446</p>", "comment_time": "2019-03-22T16:57:49.684Z", "user": 1, "root": null, "parent": null, "reply_to": null}}, {"model": "comment.comment", "pk": 35, "fields": {"content_type": 8, "object_id": 36, "text": "<p>\u65f6\u4ee3\u5927\u53a6</p>", "comment_time": "2019-03-22T17:01:16.856Z", "user": 1, "root": null, "parent": null, "reply_to": null}}, {"model": "comment.comment", "pk": 36, "fields": {"content_type": 8, "object_id": 36, "text": "<p>15115</p>", "comment_time": "2019-03-22T17:09:32.048Z", "user": 1, "root": null, "parent": null, "reply_to": null}}, {"model": "comment.comment", "pk": 37, "fields": {"content_type": 8, "object_id": 36, "text": "<p>\u5f97\u51fa</p>", "comment_time": "2019-03-22T17:10:19.265Z", "user": 1, "root": null, "parent": null, "reply_to": null}}, {"model": "comment.comment", "pk": 38, "fields": {"content_type": 8, "object_id": 36, "text": "<p>\u662f\u662f\u662f</p>", "comment_time": "2019-03-22T17:10:37.639Z", "user": 1, "root": null, "parent": null, "reply_to": null}}, {"model": "comment.comment", "pk": 39, "fields": {"content_type": 8, "object_id": 36, "text": "<p>\u98d2\u98d2</p>", "comment_time": "2019-03-22T17:12:41.401Z", "user": 1, "root": null, "parent": null, "reply_to": null}}, {"model": "comment.comment", "pk": 41, "fields": {"content_type": 8, "object_id": 36, "text": "llalll", "comment_time": "2019-03-22T17:13:32.629Z", "user": 1, "root": null, "parent": 35, "reply_to": null}}, {"model": "comment.comment", "pk": 42, "fields": {"content_type": 8, "object_id": 36, "text": "151515151525", "comment_time": "2019-03-22T17:14:36.449Z", "user": 1, "root": 34, "parent": 34, "reply_to": 2}}, {"model": "comment.comment", "pk": 45, "fields": {"content_type": 8, "object_id": 36, "text": "<p>159631</p>", "comment_time": "2019-03-24T06:18:41.006Z", "user": 1, "root": 39, "parent": 39, "reply_to": 1}}, {"model": "comment.comment", "pk": 48, "fields": {"content_type": 8, "object_id": 35, "text": "<p>hhha1</p>", "comment_time": "2019-03-24T08:59:22.175Z", "user": 1, "root": null, "parent": null, "reply_to": null}}, {"model": "comment.comment", "pk": 49, "fields": {"content_type": 8, "object_id": 35, "text": "<p>\u5566\u5566\u5566</p>", "comment_time": "2019-03-24T09:27:00.427Z", "user": 1, "root": null, "parent": null, "reply_to": null}}, {"model": "comment.comment", "pk": 50, "fields": {"content_type": 8, "object_id": 35, "text": "<p>\u4e8e\u4e00\u4f53</p>", "comment_time": "2019-03-24T09:27:08.430Z", "user": 1, "root": 49, "parent": 49, "reply_to": 1}}, {"model": "comment.comment", "pk": 51, "fields": {"content_type": 8, "object_id": 35, "text": "<p>\u6492\u5927\u5927\u8bf4</p>", "comment_time": "2019-03-24T09:36:37.737Z", "user": 1, "root": null, "parent": null, "reply_to": null}}, {"model": "comment.comment", "pk": 52, "fields": {"content_type": 8, "object_id": 35, "text": "<p>15151</p>", "comment_time": "2019-03-24T10:16:50.911Z", "user": 1, "root": 51, "parent": 51, "reply_to": 1}}, {"model": "comment.comment", "pk": 53, "fields": {"content_type": 8, "object_id": 35, "text": "<p>\u63d0\u9ad8\u4eba\u4f53\u540e\u5982\u4f55</p>", "comment_time": "2019-03-24T10:23:43.204Z", "user": 1, "root": 51, "parent": 52, "reply_to": 1}}, {"model": "comment.comment", "pk": 54, "fields": {"content_type": 8, "object_id": 35, "text": "<p>15151</p>", "comment_time": "2019-03-24T10:24:37.968Z", "user": 1, "root": null, "parent": null, "reply_to": null}}, {"model": "comment.comment", "pk": 55, "fields": {"content_type": 8, "object_id": 35, "text": "<p>\u6709\u4e00\u4e2a\u6708\u6709</p>", "comment_time": "2019-03-24T10:24:49.580Z", "user": 1, "root": null, "parent": null, "reply_to": null}}, {"model": "comment.comment", "pk": 56, "fields": {"content_type": 8, "object_id": 35, "text": "<p>\u54c8\u54c8\u54c8</p>", "comment_time": "2019-03-24T13:35:43.413Z", "user": 1, "root": 55, "parent": 55, "reply_to": 1}}, {"model": "comment.comment", "pk": 57, "fields": {"content_type": 8, "object_id": 36, "text": "<p>sadada</p>", "comment_time": "2019-03-25T17:29:29.950Z", "user": 1, "root": null, "parent": null, "reply_to": null}}, {"model": "comment.comment", "pk": 58, "fields": {"content_type": 8, "object_id": 36, "text": "<p>sadada</p>", "comment_time": "2019-03-25T17:29:35.798Z", "user": 1, "root": null, "parent": null, "reply_to": null}}, {"model": "comment.comment", "pk": 59, "fields": {"content_type": 8, "object_id": 36, "text": "<p>sadada</p>", "comment_time": "2019-03-25T17:29:39.568Z", "user": 1, "root": null, "parent": null, "reply_to": null}}, {"model": "comment.comment", "pk": 60, "fields": {"content_type": 8, "object_id": 36, "text": "<p>sadada</p>", "comment_time": "2019-03-25T17:29:45.056Z", "user": 1, "root": null, "parent": null, "reply_to": null}}, {"model": "comment.comment", "pk": 61, "fields": {"content_type": 8, "object_id": 36, "text": "<p>fgdgd</p>", "comment_time": "2019-03-25T17:30:21.067Z", "user": 1, "root": 60, "parent": 60, "reply_to": 1}}, {"model": "comment.comment", "pk": 62, "fields": {"content_type": 8, "object_id": 36, "text": "<p>ffff</p>", "comment_time": "2019-03-25T17:32:36.504Z", "user": 1, "root": null, "parent": null, "reply_to": null}}, {"model": "comment.comment", "pk": 63, "fields": {"content_type": 8, "object_id": 36, "text": "<p>rrr</p>", "comment_time": "2019-03-25T17:35:12.582Z", "user": 1, "root": null, "parent": null, "reply_to": null}}, {"model": "comment.comment", "pk": 64, "fields": {"content_type": 8, "object_id": 36, "text": "<p>iiiiii</p>", "comment_time": "2019-03-25T17:38:06.112Z", "user": 1, "root": 63, "parent": 63, "reply_to": 1}}, {"model": "comment.comment", "pk": 65, "fields": {"content_type": 8, "object_id": 36, "text": "<p>iiiiii</p>", "comment_time": "2019-03-25T17:38:48.810Z", "user": 1, "root": 63, "parent": 63, "reply_to": 1}}, {"model": "comment.comment", "pk": 66, "fields": {"content_type": 8, "object_id": 36, "text": "<p>iiiiii</p>", "comment_time": "2019-03-25T17:41:52.750Z", "user": 1, "root": 63, "parent": 63, "reply_to": 1}}, {"model": "comment.comment", "pk": 67, "fields": {"content_type": 8, "object_id": 36, "text": "<p>iiiiii</p>", "comment_time": "2019-03-25T17:41:54.533Z", "user": 1, "root": 63, "parent": 63, "reply_to": 1}}, {"model": "comment.comment", "pk": 68, "fields": {"content_type": 8, "object_id": 36, "text": "<p>iiiiii</p>", "comment_time": "2019-03-25T17:41:54.900Z", "user": 1, "root": 63, "parent": 63, "reply_to": 1}}, {"model": "comment.comment", "pk": 69, "fields": {"content_type": 8, "object_id": 36, "text": "<p>iiiiii</p>", "comment_time": "2019-03-25T17:41:55.258Z", "user": 1, "root": 63, "parent": 63, "reply_to": 1}}, {"model": "comment.comment", "pk": 70, "fields": {"content_type": 8, "object_id": 36, "text": "<p>iiiiii</p>", "comment_time": "2019-03-25T17:41:55.597Z", "user": 1, "root": 63, "parent": 63, "reply_to": 1}}, {"model": "comment.comment", "pk": 71, "fields": {"content_type": 8, "object_id": 36, "text": "<p>iiiiii</p>", "comment_time": "2019-03-25T17:41:56.111Z", "user": 1, "root": 63, "parent": 63, "reply_to": 1}}, {"model": "comment.comment", "pk": 72, "fields": {"content_type": 8, "object_id": 36, "text": "<p>15151</p>", "comment_time": "2019-03-25T17:42:02.949Z", "user": 1, "root": 63, "parent": 63, "reply_to": 1}}, {"model": "comment.comment", "pk": 73, "fields": {"content_type": 8, "object_id": 36, "text": "<p>11</p>", "comment_time": "2019-03-25T17:44:07.129Z", "user": 1, "root": null, "parent": null, "reply_to": null}}, {"model": "comment.comment", "pk": 74, "fields": {"content_type": 8, "object_id": 36, "text": "<p>11</p>", "comment_time": "2019-03-25T17:44:40.790Z", "user": 1, "root": null, "parent": null, "reply_to": null}}, {"model": "comment.comment", "pk": 75, "fields": {"content_type": 8, "object_id": 36, "text": "<p>1515</p>", "comment_time": "2019-03-25T17:45:47.846Z", "user": 1, "root": 74, "parent": 74, "reply_to": 1}}, {"model": "comment.comment", "pk": 76, "fields": {"content_type": 8, "object_id": 36, "text": "<p>rfdgdg</p>", "comment_time": "2019-03-28T02:51:29.952Z", "user": 1, "root": null, "parent": null, "reply_to": null}}, {"model": "comment.comment", "pk": 77, "fields": {"content_type": 8, "object_id": 36, "text": "<p>sdasda</p>", "comment_time": "2019-03-28T02:51:34.490Z", "user": 1, "root": 76, "parent": 76, "reply_to": 1}}, {"model": "comment.comment", "pk": 78, "fields": {"content_type": 8, "object_id": 36, "text": "<p>ffff</p>", "comment_time": "2019-03-28T02:54:14.933Z", "user": 1, "root": null, "parent": null, "reply_to": null}}, {"model": "comment.comment", "pk": 79, "fields": {"content_type": 8, "object_id": 36, "text": "<p>\u8bc4\u8bba\u6d4b\u8bd5</p>", "comment_time": "2019-03-30T03:08:50.806Z", "user": 1, "root": null, "parent": null, "reply_to": null}}, {"model": "comment.comment", "pk": 80, "fields": {"content_type": 8, "object_id": 36, "text": "<p>\u8bc4\u8bba\u6d4b\u8bd5</p>", "comment_time": "2019-03-30T03:11:46.804Z", "user": 1, "root": null, "parent": null, "reply_to": null}}, {"model": "comment.comment", "pk": 81, "fields": {"content_type": 8, "object_id": 36, "text": "<p>\u56de\u590d\u6742\u8349</p>", "comment_time": "2019-03-30T03:12:04.284Z", "user": 1, "root": 80, "parent": 80, "reply_to": 1}}, {"model": "comment.comment", "pk": 82, "fields": {"content_type": 8, "object_id": 36, "text": "<p>\u591a\u7ebf\u7a0b\u6d4b\u8bd5</p>", "comment_time": "2019-03-30T03:33:37.835Z", "user": 1, "root": null, "parent": null, "reply_to": null}}, {"model": "comment.comment", "pk": 83, "fields": {"content_type": 8, "object_id": 36, "text": "<p>\u591a\u7ebf\u7a0b\u6d4b\u8bd5</p>", "comment_time": "2019-03-30T03:37:14.495Z", "user": 1, "root": null, "parent": null, "reply_to": null}}, {"model": "comment.comment", "pk": 84, "fields": {"content_type": 8, "object_id": 36, "text": "<p>11</p>", "comment_time": "2019-03-30T03:37:44.226Z", "user": 1, "root": null, "parent": null, "reply_to": null}}, {"model": "comment.comment", "pk": 85, "fields": {"content_type": 8, "object_id": 36, "text": "<p>11</p>", "comment_time": "2019-03-30T03:38:24.521Z", "user": 1, "root": null, "parent": null, "reply_to": null}}, {"model": "comment.comment", "pk": 86, "fields": {"content_type": 8, "object_id": 36, "text": "<p>1</p>", "comment_time": "2019-03-30T03:53:28.922Z", "user": 1, "root": null, "parent": null, "reply_to": null}}, {"model": "comment.comment", "pk": 87, "fields": {"content_type": 8, "object_id": 36, "text": "<p>11</p>", "comment_time": "2019-03-30T04:01:21.582Z", "user": 1, "root": null, "parent": null, "reply_to": null}}, {"model": "comment.comment", "pk": 88, "fields": {"content_type": 8, "object_id": 36, "text": "<p>ef</p>", "comment_time": "2019-03-30T04:24:51.160Z", "user": 1, "root": null, "parent": null, "reply_to": null}}, {"model": "comment.comment", "pk": 89, "fields": {"content_type": 8, "object_id": 36, "text": "<p>159</p>", "comment_time": "2019-03-30T07:47:15.005Z", "user": 1, "root": null, "parent": null, "reply_to": null}}, {"model": "comment.comment", "pk": 90, "fields": {"content_type": 8, "object_id": 36, "text": "<p>uft</p>", "comment_time": "2019-03-30T08:12:14.568Z", "user": 1, "root": null, "parent": null, "reply_to": null}}, {"model": "comment.comment", "pk": 91, "fields": {"content_type": 8, "object_id": 36, "text": "<p>jj</p>", "comment_time": "2019-03-30T08:15:48.703Z", "user": 1, "root": null, "parent": null, "reply_to": null}}, {"model": "comment.comment", "pk": 92, "fields": {"content_type": 8, "object_id": 36, "text": "<p>\u6eda\u6eda\u6eda</p>", "comment_time": "2019-03-30T08:32:44.165Z", "user": 1, "root": null, "parent": null, "reply_to": null}}, {"model": "comment.comment", "pk": 93, "fields": {"content_type": 8, "object_id": 36, "text": "<p>\u5e05\u6960</p>", "comment_time": "2019-03-30T09:14:01.917Z", "user": 1, "root": null, "parent": null, "reply_to": null}}, {"model": "comment.comment", "pk": 94, "fields": {"content_type": 8, "object_id": 36, "text": "<p>\u6240\u5f97\u5230\u7684</p>", "comment_time": "2019-03-30T09:16:33.225Z", "user": 1, "root": 93, "parent": 93, "reply_to": 1}}, {"model": "likes.likerecord", "pk": 1, "fields": {"content_type": 8, "object_id": 35, "user": 1, "liked_time": "2019-03-25T10:15:01.094Z"}}, {"model": "likes.likerecord", "pk": 3, "fields": {"content_type": 8, "object_id": 34, "user": 1, "liked_time": "2019-03-25T11:19:05.544Z"}}, {"model": "likes.likerecord", "pk": 4, "fields": {"content_type": 8, "object_id": 33, "user": 1, "liked_time": "2019-03-25T11:19:47.518Z"}}, {"model": "likes.likerecord", "pk": 10, "fields": {"content_type": 12, "object_id": 39, "user": 1, "liked_time": "2019-03-25T12:30:20.501Z"}}, {"model": "likes.likerecord", "pk": 11, "fields": {"content_type": 12, "object_id": 45, "user": 1, "liked_time": "2019-03-25T12:33:08.541Z"}}, {"model": "user.profile", "pk": 1, "fields": {"user": 1, "nickname": "\u5e05\u6960"}}, {"model": "admin.logentry", "pk": 1, "fields": {"action_time": "2019-02-20T15:48:35.639Z", "user": 1, "content_type": 7, "object_id": "1", "object_repr": "BlogType object (1)", "action_flag": 1, "change_message": "[{\"added\": {}}]"}}, {"model": "admin.logentry", "pk": 2, "fields": {"action_time": "2019-02-20T15:48:41.670Z", "user": 1, "content_type": 7, "object_id": "2", "object_repr": "BlogType object (2)", "action_flag": 1, "change_message": "[{\"added\": {}}]"}}, {"model": "admin.logentry", "pk": 3, "fields": {"action_time": "2019-02-20T15:48:45.141Z", "user": 1, "content_type": 7, "object_id": "3", "object_repr": "BlogType object (3)", "action_flag": 1, "change_message": "[{\"added\": {}}]"}}, {"model": "admin.logentry", "pk": 4, "fields": {"action_time": "2019-02-20T15:56:39.472Z", "user": 1, "content_type": 8, "object_id": "1", "object_repr": "<Blog: \u7b2c\u4e00\u7bc7\u535a\u5ba2>", "action_flag": 1, "change_message": "[{\"added\": {}}]"}}, {"model": "admin.logentry", "pk": 5, "fields": {"action_time": "2019-02-23T16:18:34.587Z", "user": 1, "content_type": 8, "object_id": "2", "object_repr": "<Blog: \u7b2c\u4e8c\u7bc7\u535a\u5ba2>", "action_flag": 1, "change_message": "[{\"added\": {}}]"}}, {"model": "admin.logentry", "pk": 6, "fields": {"action_time": "2019-02-23T17:03:14.363Z", "user": 1, "content_type": 8, "object_id": "2", "object_repr": "<Blog: \u7b2c\u4e8c\u7bc7\u535a\u5ba2>", "action_flag": 3, "change_message": ""}}, {"model": "admin.logentry", "pk": 7, "fields": {"action_time": "2019-02-23T17:03:14.629Z", "user": 1, "content_type": 8, "object_id": "1", "object_repr": "<Blog: \u7b2c\u4e00\u7bc7\u535a\u5ba2>", "action_flag": 3, "change_message": ""}}, {"model": "admin.logentry", "pk": 8, "fields": {"action_time": "2019-02-23T17:10:10.337Z", "user": 1, "content_type": 8, "object_id": "3", "object_repr": "<Blog: \u957f\u5185\u5bb9\u7684\u535a\u5ba2>", "action_flag": 1, "change_message": "[{\"added\": {}}]"}}, {"model": "admin.logentry", "pk": 9, "fields": {"action_time": "2019-02-24T08:46:38.801Z", "user": 1, "content_type": 8, "object_id": "4", "object_repr": "<Blog: django1>", "action_flag": 1, "change_message": "[{\"added\": {}}]"}}, {"model": "admin.logentry", "pk": 10, "fields": {"action_time": "2019-02-24T08:46:56.685Z", "user": 1, "content_type": 8, "object_id": "5", "object_repr": "<Blog: \u7b2c\u4e8c\u7bc7\u535a\u5ba2>", "action_flag": 1, "change_message": "[{\"added\": {}}]"}}, {"model": "admin.logentry", "pk": 11, "fields": {"action_time": "2019-03-13T03:34:10.558Z", "user": 1, "content_type": 8, "object_id": "3", "object_repr": "<Blog: \u957f\u5185\u5bb9\u7684\u535a\u5ba2>", "action_flag": 2, "change_message": "[{\"changed\": {\"fields\": [\"content\"]}}]"}}, {"model": "admin.logentry", "pk": 12, "fields": {"action_time": "2019-03-13T07:23:52.301Z", "user": 1, "content_type": 8, "object_id": "3", "object_repr": "<Blog: \u957f\u5185\u5bb9\u7684\u535a\u5ba2>", "action_flag": 2, "change_message": "[{\"changed\": {\"fields\": [\"content\"]}}]"}}, {"model": "admin.logentry", "pk": 13, "fields": {"action_time": "2019-03-13T09:29:41.540Z", "user": 1, "content_type": 8, "object_id": "3", "object_repr": "<Blog: \u957f\u5185\u5bb9\u7684\u535a\u5ba2>", "action_flag": 2, "change_message": "[{\"changed\": {\"fields\": [\"content\"]}}]"}}, {"model": "admin.logentry", "pk": 14, "fields": {"action_time": "2019-03-13T16:32:52.741Z", "user": 1, "content_type": 8, "object_id": "3", "object_repr": "<Blog: \u957f\u5185\u5bb9\u7684\u535a\u5ba2>", "action_flag": 2, "change_message": "[{\"changed\": {\"fields\": [\"content\"]}}]"}}, {"model": "admin.logentry", "pk": 15, "fields": {"action_time": "2019-03-13T17:43:18.145Z", "user": 1, "content_type": 8, "object_id": "36", "object_repr": "<Blog: for 30>", "action_flag": 2, "change_message": "[{\"changed\": {\"fields\": [\"content\"]}}]"}}, {"model": "admin.logentry", "pk": 16, "fields": {"action_time": "2019-03-13T17:43:25.252Z", "user": 1, "content_type": 8, "object_id": "36", "object_repr": "<Blog: for 30>", "action_flag": 2, "change_message": "[{\"changed\": {\"fields\": [\"content\"]}}]"}}, {"model": "admin.logentry", "pk": 17, "fields": {"action_time": "2019-03-13T17:51:41.423Z", "user": 1, "content_type": 8, "object_id": "34", "object_repr": "<Blog: for 28>", "action_flag": 2, "change_message": "[{\"changed\": {\"fields\": [\"content\"]}}]"}}, {"model": "admin.logentry", "pk": 18, "fields": {"action_time": "2019-03-13T17:54:26.657Z", "user": 1, "content_type": 8, "object_id": "30", "object_repr": "<Blog: for 24>", "action_flag": 2, "change_message": "[{\"changed\": {\"fields\": [\"content\"]}}]"}}, {"model": "admin.logentry", "pk": 19, "fields": {"action_time": "2019-03-14T04:07:23.223Z", "user": 1, "content_type": 9, "object_id": "1", "object_repr": "ReadNum object (1)", "action_flag": 1, "change_message": "[{\"added\": {}}]"}}, {"model": "admin.logentry", "pk": 20, "fields": {"action_time": "2019-03-14T12:13:00.938Z", "user": 1, "content_type": 10, "object_id": "1", "object_repr": "ReadNum object (1)", "action_flag": 1, "change_message": "[{\"added\": {}}]"}}, {"model": "admin.logentry", "pk": 21, "fields": {"action_time": "2019-03-15T11:45:03.987Z", "user": 1, "content_type": 11, "object_id": "3", "object_repr": "ReadDetail object (3)", "action_flag": 1, "change_message": "[{\"added\": {}}]"}}, {"model": "admin.logentry", "pk": 22, "fields": {"action_time": "2019-03-23T06:09:36.515Z", "user": 1, "content_type": 12, "object_id": "41", "object_repr": "llalll", "action_flag": 2, "change_message": "[{\"changed\": {\"fields\": [\"text\", \"parent\"]}}]"}}, {"model": "admin.logentry", "pk": 23, "fields": {"action_time": "2019-03-23T07:03:37.299Z", "user": 1, "content_type": 12, "object_id": "42", "object_repr": "1515151515", "action_flag": 2, "change_message": "[{\"changed\": {\"fields\": [\"text\", \"root\", \"parent\", \"reply_to\"]}}]"}}, {"model": "admin.logentry", "pk": 24, "fields": {"action_time": "2019-03-23T07:05:48.650Z", "user": 1, "content_type": 12, "object_id": "42", "object_repr": "151515151525", "action_flag": 2, "change_message": "[{\"changed\": {\"fields\": [\"text\"]}}]"}}, {"model": "admin.logentry", "pk": 25, "fields": {"action_time": "2019-03-23T07:07:52.914Z", "user": 1, "content_type": 12, "object_id": "42", "object_repr": "151515151525", "action_flag": 2, "change_message": "[{\"changed\": {\"fields\": [\"root\"]}}]"}}, {"model": "admin.logentry", "pk": 26, "fields": {"action_time": "2019-03-23T07:51:02.667Z", "user": 1, "content_type": 12, "object_id": "42", "object_repr": "151515151525", "action_flag": 2, "change_message": "[{\"changed\": {\"fields\": [\"reply_to\"]}}]"}}, {"model": "admin.logentry", "pk": 27, "fields": {"action_time": "2019-03-24T14:01:55.783Z", "user": 1, "content_type": 12, "object_id": "40", "object_repr": "<p>\u54c8\u54c8</p>", "action_flag": 3, "change_message": ""}}, {"model": "admin.logentry", "pk": 28, "fields": {"action_time": "2019-03-27T07:50:25.487Z", "user": 1, "content_type": 15, "object_id": "1", "object_repr": "<Profile: \u6797\u96cd\u6960 for lyn", "action_flag": 1, "change_message": "[{\"added\": {}}]"}}, {"model": "admin.logentry", "pk": 29, "fields": {"action_time": "2019-03-28T13:38:12.990Z", "user": 1, "content_type": 4, "object_id": "1", "object_repr": "lyn", "action_flag": 2, "change_message": "[{\"changed\": {\"fields\": [\"email\", \"last_login\"]}}]"}}, {"model": "admin.logentry", "pk": 30, "fields": {"action_time": "2019-03-29T07:24:58.127Z", "user": 1, "content_type": 4, "object_id": "1", "object_repr": "lyn", "action_flag": 2, "change_message": "[{\"changed\": {\"fields\": [\"email\", \"last_login\"]}}]"}}]